{
  "version": 1,
  "author": "Uri Shaked",
  "editor": "wokwi",
  "parts": [
    { "type": "wokwi-arduino-uno", "id": "uno", "top": 0.6, "left": -0.6, "attrs": {} },
    {
      "type": "wokwi-tm1637-7segment",
      "id": "sevseg1",
      "top": -113.88,
      "left": -189.7,
      "attrs": { "color": "red" }
    },
    {
      "type": "wokwi-membrane-keypad",
      "id": "keypad1",
      "top": -501.2,
      "left": 178.4,
      "attrs": {}
    },
    {
      "type": "wokwi-lcd1602",
      "id": "lcd1",
      "top": 54.4,
      "left": 418.4,
      "attrs": { "pins": "i2c" }
    },
    {
      "type": "wokwi-buzzer",
      "id": "bz1",
      "top": -244.5,
      "left": -156.3,
      "rotate": 270,
      "attrs": { "volume": "0.1" }
    },
    { "type": "wokwi-led", "id": "led1", "top": 284.4, "left": 42.2, "attrs": { "color": "red" } },
    {
      "type": "wokwi-led",
      "id": "led2",
      "top": 342,
      "left": 42.2,
      "attrs": { "color": "yellow" }
    },
    {
      "type": "wokwi-led",
      "id": "led3",
      "top": 399.6,
      "left": 42.2,
      "attrs": { "color": "green" }
    },
    {
      "type": "wokwi-resistor",
      "id": "r1",
      "top": 320.75,
      "left": 115.2,
      "attrs": { "value": "1000" }
    },
    {
      "type": "wokwi-resistor",
      "id": "r2",
      "top": 378.35,
      "left": 115.2,
      "attrs": { "value": "1000" }
    },
    {
      "type": "wokwi-resistor",
      "id": "r3",
      "top": 435.95,
      "left": 115.2,
      "attrs": { "value": "1000" }
    },
    {
      "type": "wokwi-relay-module",
      "id": "relay1",
      "top": 76.2,
      "left": -195.2,
      "rotate": 180,
      "attrs": {}
    }
  ],
  "connections": [
    [ "uno:GND.1", "sevseg1:GND", "black", [ "v-28.2", "h-0.2", "v-92.6" ] ],
    [ "uno:5V", "sevseg1:VCC", "red", [ "v19.1", "h150.59", "v-277.04" ] ],
    [ "sevseg1:DIO", "uno:11", "green", [ "h0" ] ],
    [ "lcd1:SDA", "uno:A4", "green", [ "h-57.6", "v125", "h-119.4" ] ],
    [ "uno:A5", "lcd1:SCL", "green", [ "v50.05", "h119.5", "v-127.25" ] ],
    [ "uno:5V", "lcd1:VCC", "red", [ "v31.25", "h195.8", "v-127.45" ] ],
    [ "lcd1:GND", "uno:GND.2", "black", [ "h-76.8", "v163.2", "h-176.7" ] ],
    [ "bz1:2", "uno:9", "green", [ "h153.6", "v0.4", "h85.6" ] ],
    [ "bz1:1", "uno:GND.1", "black", [ "h144", "v0", "h47.7" ] ],
    [ "uno:12", "sevseg1:CLK", "green", [ "v-96", "h-143.5" ] ],
    [ "keypad1:R1", "uno:7", "green", [ "v38.4", "h-86.4" ] ],
    [ "uno:2", "keypad1:R2", "green", [ "v-124.8", "h4.1" ] ],
    [ "keypad1:R3", "uno:3", "green", [ "v57.6", "h-77.1" ] ],
    [ "keypad1:R4", "uno:5", "green", [ "v67.2", "h-96.2" ] ],
    [ "keypad1:C1", "uno:6", "green", [ "v76.8", "h-115.3" ] ],
    [ "keypad1:C2", "uno:8", "green", [ "v86.4", "h-153.6" ] ],
    [ "keypad1:C3", "uno:4", "green", [ "v105.6", "h-115.35" ] ],
    [ "led1:C", "uno:GND.2", "black", [ "v0", "h-86", "v-76.8", "h192" ] ],
    [ "led2:C", "uno:GND.2", "black", [ "h-86", "v-134.4", "h197.7" ] ],
    [ "led3:C", "uno:GND.2", "black", [ "v0", "h-86", "v-192", "h192" ] ],
    [ "led1:A", "r1:1", "red", [ "v0" ] ],
    [ "led3:A", "r3:1", "green", [ "v0" ] ],
    [ "led2:A", "r2:1", "gold", [ "v0" ] ],
    [ "r1:2", "uno:A1", "red", [ "v0", "h27.6" ] ],
    [ "r2:2", "uno:A2", "gold", [ "v0", "h56.4" ] ],
    [ "r3:2", "uno:A3", "green", [ "v0", "h66" ] ],
    [ "relay1:VCC", "uno:5V", "red", [ "h19.2", "v105.6", "h201.6" ] ],
    [ "relay1:GND", "uno:GND.2", "black", [ "h38.4", "v106", "h192" ] ],
    [ "relay1:IN", "uno:10", "purple", [ "h57.6", "v-115", "h163.2" ] ]
  ],
  "dependencies": {}
}